text,label
The developers really nailed the profile page.,Praise
Terrible UX on the billing page.,Complaint
terrible ux on the profile page.,Complaint
This app is so slow since the iOS 17 update.,Complaint
The UI is totally glitched on Chrome.,Bug Report
Can someone explain how to change password?,Question
Can we get a dark mode for billing page?,Feature Request
Terrible UX on the checkout.,Complaint
Worst update ever.,Complaint
i hate the new settings,Complaint
Terrible UX on the settings.,Complaint
how much does dark mode cost?,Question
i wish there was a way to export.,Feature Request
Can you support iPhone?,Feature Request
can you support android?,Feature Request
Stop forcing me to use notifications.,Complaint
Can we get a dark mode for notifications?,Feature Request
how much does profile page cost?,Question
way too many ads!,Complaint
Is there a tutorial for sync?,Question
It's completely unusable now.,Complaint
Add an option to change password,Feature Request
My Linux overheats when using this,Bug Report
This app is so slow since the new patch.,Complaint
How much does settings cost?,Question
Why does the app freeze during delete account?,Bug Report
app crashes when i click save.,Bug Report
The export tool is broken on Mac.,Bug Report
Where is the sync feature located?,Question
Terrible UX on the billing page.,Complaint
This app is so slow since the v2.0.,Complaint
Please integrate with settings.,Feature Request
The last update completely ruined the experience.,Complaint
Stop forcing me to use export tool.,Complaint
highly recommend for export tool.,Praise
what does error auth_fail mean?,Question
How do I reset my settings?,Question
I'm cancelling my subscription because of sync feature.,Complaint
Can someone explain how to sync?,Question
is there any plan to add settings?,Feature Request
Why does the app freeze during pay?,Bug Report
how do i login?,Question
How much does notifications cost?,Question
Are you going to support Firefox soon?,Question
Please integrate with export tool.,Feature Request
Flawless performance on Linux.,Praise
Why does the app freeze during delete account?,Bug Report
Please add billing page.,Feature Request
The developers really nailed the settings.,Praise
the last update completely ruined the experience.,Complaint
Is Firefox supported?,Question
Getting a NULL_PTR error when trying to view history.,Bug Report
Why does the app freeze during sync?,Bug Report
Absolutely brilliant execution.,Praise
when will search bar be released?,Question
App crashes when I click next.,Bug Report
Please add export tool.,Feature Request
When will search bar be released?,Question
Where is the search bar located?,Question
is there any plan to add export tool?,Feature Request
I hate the new profile page.,Complaint
Worst update ever.,Complaint
Worst update ever,Complaint
The settings is broken on Linux.,Bug Report
i'm cancelling my subscription because of billing page.,Complaint
Why does the app freeze during delete account?,Bug Report
Is Firefox supported?,Question
How much does checkout cost?,Question
Can someone explain how to view history?,Question
Worst update ever.,Complaint
I wish there was a way to view history,Feature Request
highly recommend for notifications,Praise
Cannot load search bar on my Firefox,Bug Report
App crashes when I click delete.,Bug Report
Are you going to support Android soon?,Question
Can someone explain how to view history?,Question
error 404 pops up every time.,Bug Report
Best app for view history.,Praise
What does error TIMEOUT mean?,Question
Highly recommend for dashboard.,Praise
It's completely unusable now.,Complaint
Why does the app freeze during sync?,Bug Report
I'm cancelling my subscription because of checkout.,Complaint
Error 500 pops up every time,Bug Report
Is there any plan to add export tool?,Feature Request
Why does the app freeze during upload?,Bug Report
I hate the new search bar.,Complaint
Can we get a dark mode for export tool?,Feature Request
Highly recommend for dashboard.,Praise
Terrible UX on the export tool.,Complaint
How do I login?,Question
Best app for change password.,Praise
Please integrate with sync feature.,Feature Request
the ui is totally glitched on browser.,Bug Report
i wish there was a way to export,Feature Request
Please add dashboard.,Feature Request
I wish there was a way to export.,Feature Request
It's completely unusable now.,Complaint
How do I reset my profile page?,Question
Flawless performance on Firefox.,Praise
Add an option to export.,Feature Request
Stop forcing me to use billing page.,Complaint
Please integrate with sync feature.,Feature Request
Can you support Android?,Feature Request
It would be great if we could delete account,Feature Request
Customer service is terrible.,Complaint
Is there a tutorial for upload?,Question
Getting a AUTH_FAIL error when trying to delete account.,Bug Report
How do I delete account?,Question
Such a clean UI for delete account.,Praise
The profile page is broken on Android.,Bug Report
Love the new dark mode!,Praise
When will sync feature be released?,Question
the settings is broken on browser.,Bug Report
The UI is totally glitched on Mac.,Bug Report
can we get a dark mode for export tool?,Feature Request
Best app for download.,Praise
My Mac overheats when using this.,Bug Report
I hate the new export tool.,Complaint
Can we get a dark mode for settings?,Feature Request
The UI is totally glitched on iPhone.,Bug Report
I wish there was a way to login.,Feature Request
App crashes when I click back,Bug Report
Where is the sync feature located?,Question
app crashes when i click update.,Bug Report
how do i reset my dashboard?,Question
Customer service is terrible,Complaint
My iPad overheats when using this.,Bug Report
flawless performance on firefox.,Praise
The developers really nailed the notifications.,Praise
Are you going to support tablet soon?,Question
Can you support iPad?,Feature Request
such a clean ui for delete account.,Praise
The back button does absolutely nothing.,Bug Report
Customer service is terrible.,Complaint
is browser supported?,Question
How much does dark mode cost?,Question
The billing page is broken on iPad.,Bug Report
Add an option to view history,Feature Request
"5 stars, incredibly useful.",Praise
The summer update is amazing.,Praise
customer service is terrible.,Complaint
how do i delete account?,Question
Cannot load checkout on my iPad.,Bug Report
Is there a tutorial for pay?,Question
This saves me so much time.,Praise
How much does search bar cost?,Question
It would be great if we could export.,Feature Request
please add sync feature,Feature Request
Can we get a dark mode for billing page?,Feature Request
I'm cancelling my subscription because of notifications.,Complaint
Would love to see notifications implemented.,Feature Request
How much does notifications cost?,Question
my tablet overheats when using this.,Bug Report
Way too many ads!,Complaint
When will profile page be released?,Question
is ipad supported?,Question
Worst update ever.,Complaint
Why does the app freeze during sync?,Bug Report
Can you support Linux?,Feature Request
The material design update completely ruined the experience.,Complaint
How do I reset my dashboard?,Question
I hate the new profile page.,Complaint
please add export tool,Feature Request
It's completely unusable now.,Complaint
Way too many ads!,Complaint
Add an option to change password.,Feature Request
Please add search bar.,Feature Request
I'm cancelling my subscription because of settings.,Complaint
I'm cancelling my subscription because of settings.,Complaint
Way too many ads!,Complaint
This saves me so much time.,Praise
Stop forcing me to use checkout.,Complaint
Customer service is terrible.,Complaint
The summer update completely ruined the experience.,Complaint
Add an option to sign up.,Feature Request
This saves me so much time.,Praise
Flawless performance on Chrome.,Praise
This app is so slow since the recent patch.,Complaint
How do I export?,Question
I wish there was a way to login.,Feature Request
Way too many ads!,Complaint
Such a clean UI for pay,Praise
The recent patch completely ruined the experience.,Complaint
Can we get a dark mode for dark mode?,Feature Request
I hate the new export tool.,Complaint
The UI is totally glitched on Mac.,Bug Report
add an option to sync.,Feature Request
Absolutely brilliant execution.,Praise
The update button does absolutely nothing.,Bug Report
app crashes when i click delete.,Bug Report
"5 stars, incredibly useful.",Praise
how do i reset my billing page?,Question
When will export tool be released?,Question
Worst update ever.,Complaint
Customer service is terrible.,Complaint
app crashes when i click checkout.,Bug Report
Getting a ERR_CONNECTION error when trying to download.,Bug Report
We really need billing page in the next update.,Feature Request
Blank screen after login.,Bug Report
getting a unknown error when trying to download.,Bug Report
It would be great if we could login.,Feature Request
How much does checkout cost?,Question
What does error OOM mean?,Question
Love the new dark mode!,Praise
It would be great if we could upload.,Feature Request
Cannot load notifications on my Linux.,Bug Report
the ui is totally glitched on tablet.,Bug Report
please add notifications.,Feature Request
Stop forcing me to use dashboard.,Complaint
What does error SYS_32 mean?,Question
how do i export?,Question
The profile page is broken on browser.,Bug Report
Cannot load billing page on my browser.,Bug Report
Error SYS_32 pops up every time.,Bug Report
The cancel button does absolutely nothing.,Bug Report
What does error UNKNOWN mean?,Question
The developers really nailed the dark mode.,Praise
The recent patch is amazing.,Praise
Cannot load profile page on my browser.,Bug Report
Can someone explain how to sync?,Question
It would be great if we could export.,Feature Request
The UI is totally glitched on Android.,Bug Report
customer service is terrible.,Complaint
The material design update is amazing,Praise
Please integrate with profile page.,Feature Request
Please add checkout.,Feature Request
App crashes when I click checkout.,Bug Report
How much does settings cost?,Question
Where is the sync feature located?,Question
Best app for pay.,Praise
such a clean ui for export.,Praise
Best app for delete account.,Praise
Blank screen after upload.,Bug Report
I'm cancelling my subscription because of notifications.,Complaint
Can we get a dark mode for profile page?,Feature Request
The developers really nailed the billing page.,Praise
Worst update ever.,Complaint
add an option to login.,Feature Request
the next button does absolutely nothing.,Bug Report
The dark mode is broken on Linux.,Bug Report
What does error NULL_PTR mean?,Question
blank screen after download.,Bug Report
How do I export?,Question
Getting a UNKNOWN error when trying to download.,Bug Report
When will checkout be released?,Question
I hate the new checkout.,Complaint
Absolutely brilliant execution,Praise
Please integrate with dark mode.,Feature Request
Add an option to view history.,Feature Request
It's completely unusable now.,Complaint
Is there a tutorial for login?,Question
I hate the new profile page.,Complaint
getting a sys_32 error when trying to login.,Bug Report
The developers really nailed the profile page.,Praise
Way too many ads!,Complaint
Why does the app freeze during view history?,Bug Report
where is the dark mode located?,Question
Such a clean UI for change password,Praise
The new patch completely ruined the experience.,Complaint
This app is so slow since the iOS 17 update.,Complaint
Love the new checkout!,Praise
Please integrate with settings.,Feature Request
Highly recommend for profile page.,Praise
The save button does absolutely nothing.,Bug Report
It's completely unusable now.,Complaint
Please add export tool.,Feature Request
the save button does absolutely nothing.,Bug Report
Can we get a dark mode for dark mode?,Feature Request
How much does billing page cost?,Question
Is there any plan to add sync feature?,Feature Request
Cannot load settings on my Android.,Bug Report
Blank screen after pay,Bug Report
Please integrate with search bar.,Feature Request
Where is the sync feature located?,Question
The UI is totally glitched on iPad.,Bug Report
How do I upload?,Question
stop forcing me to use checkout.,Complaint
Blank screen after sign up.,Bug Report
My Chrome overheats when using this.,Bug Report
Can you support tablet?,Feature Request
We really need checkout in the next update.,Feature Request
worst update ever.,Complaint
Add an option to login,Feature Request
The search bar is broken on iPad.,Bug Report
When will dashboard be released?,Question
Why does the app freeze during upload?,Bug Report
Can we get a dark mode for profile page?,Feature Request
"5 stars, incredibly useful.",Praise
Way too many ads!,Complaint
customer service is terrible.,Complaint
this app is so slow since the v2.0.,Complaint
i hate the new checkout.,Complaint
please integrate with profile page.,Feature Request
Error 403 pops up every time.,Bug Report
What does error OOM mean?,Question
is mac supported?,Question
Would love to see search bar implemented.,Feature Request
Add an option to export.,Feature Request
Please integrate with checkout.,Feature Request
how much does checkout cost?,Question
I hate the new notifications.,Complaint
How much does dashboard cost?,Question
The sync feature is broken on Mac.,Bug Report
It would be great if we could pay,Feature Request
Customer service is terrible.,Complaint
Customer service is terrible.,Complaint
Is there any plan to add settings?,Feature Request
This saves me so much time.,Praise
Is there a tutorial for delete account?,Question
Please add dashboard.,Feature Request
Is there any plan to add search bar?,Feature Request
the back button does absolutely nothing.,Bug Report
are you going to support windows 11 soon?,Question
such a clean ui for sign up,Praise
Blank screen after delete account.,Bug Report
Absolutely brilliant execution.,Praise
Why does the app freeze during sync?,Bug Report
is there a tutorial for change password?,Question
Is there a tutorial for login?,Question
Is there any plan to add checkout?,Feature Request
This saves me so much time.,Praise
Where is the profile page located?,Question
How do I delete account?,Question
It would be great if we could sign up.,Feature Request
Can you support Android?,Feature Request
It would be great if we could sync.,Feature Request
How do I reset my search bar?,Question
Best app for sync.,Praise
How do I pay?,Question
how do i sign up?,Question
where is the export tool located?,Question
The developers really nailed the dark mode.,Praise
I wish there was a way to change password.,Feature Request
Error ERR_CONNECTION pops up every time.,Bug Report
Add an option to sync.,Feature Request
The developers really nailed the billing page.,Praise
Highly recommend for export tool.,Praise
My Firefox overheats when using this.,Bug Report
I wish there was a way to delete account.,Feature Request
The new patch is amazing,Praise
Customer service is terrible.,Complaint
Way too many ads!,Complaint
When will billing page be released?,Question
Blank screen after view history.,Bug Report
This saves me so much time.,Praise
Can you support browser?,Feature Request
Love the new profile page!,Praise
The last update completely ruined the experience,Complaint
How much does profile page cost?,Question
We really need sync feature in the next update.,Feature Request
What does error NULL_PTR mean?,Question
I hate the new settings.,Complaint
The developers really nailed the dark mode.,Praise
how much does dark mode cost?,Question
Cannot load notifications on my tablet.,Bug Report
Are you going to support Windows 11 soon?,Question
Way too many ads!,Complaint
the developers really nailed the dashboard.,Praise
how do i upload?,Question
Way too many ads!,Complaint
How do I sync?,Question
Love the new profile page!,Praise
It would be great if we could sync.,Feature Request
How do I pay?,Question
The submit button does absolutely nothing.,Bug Report
Cannot load export tool on my Mac.,Bug Report
Please integrate with settings.,Feature Request
How do I login?,Question
When will profile page be released?,Question
cannot load search bar on my ipad,Bug Report
The iOS 17 update is amazing.,Praise
please add dark mode.,Feature Request
Such a clean UI for download.,Praise
I wish there was a way to view history.,Feature Request
Please add export tool.,Feature Request
Is there a tutorial for upload?,Question
The dark mode is broken on Linux.,Bug Report
best app for sign up.,Praise
Error 500 pops up every time.,Bug Report
Stop forcing me to use billing page.,Complaint
would love to see dark mode implemented.,Feature Request
i wish there was a way to sign up.,Feature Request
How do I reset my sync feature?,Question
How do I reset my profile page?,Question
where is the dark mode located?,Question
Absolutely brilliant execution.,Praise
The developers really nailed the billing page.,Praise
What does error OOM mean?,Question
Is there any plan to add dashboard?,Feature Request
What does error SYS_32 mean?,Question
Can we get a dark mode for search bar?,Feature Request
The dashboard is broken on iPhone.,Bug Report
Best app for change password,Praise
The developers really nailed the export tool,Praise
The iOS 17 update is amazing.,Praise
My browser overheats when using this.,Bug Report
would love to see dark mode implemented.,Feature Request
Flawless performance on iPhone.,Praise
The new patch completely ruined the experience.,Complaint
We really need checkout in the next update.,Feature Request
Would love to see notifications implemented.,Feature Request
The settings is broken on Chrome.,Bug Report
i'm cancelling my subscription because of dark mode.,Complaint
Such a clean UI for change password.,Praise
how do i delete account?,Question
The developers really nailed the export tool.,Praise
The developers really nailed the billing page.,Praise
Such a clean UI for upload.,Praise
Cannot load dashboard on my Windows 11.,Bug Report
Can you support tablet?,Feature Request
Please add search bar.,Feature Request
Way too many ads!,Complaint
Why does the app freeze during sign up?,Bug Report
the last update is amazing.,Praise
Please integrate with profile page.,Feature Request
Is Android supported?,Question
Such a clean UI for export.,Praise
Highly recommend for dark mode.,Praise
Would love to see notifications implemented.,Feature Request
Blank screen after delete account.,Bug Report
highly recommend for sync feature.,Praise
How much does notifications cost?,Question
getting a oom error when trying to change password.,Bug Report
Flawless performance on Chrome.,Praise
we really need billing page in the next update.,Feature Request
Highly recommend for dashboard.,Praise
How much does notifications cost?,Question
How much does billing page cost?,Question
This app is so slow since the new patch.,Complaint
Love the new notifications!,Praise
I hate the new sync feature.,Complaint
I wish there was a way to delete account.,Feature Request
love the new notifications!,Praise
I hate the new checkout.,Complaint
Flawless performance on tablet.,Praise
The back button does absolutely nothing.,Bug Report
Love the new notifications!,Praise
The UI is totally glitched on Mac.,Bug Report
Such a clean UI for delete account.,Praise
what does error oom mean?,Question
Customer service is terrible.,Complaint
We really need checkout in the next update.,Feature Request
I'm cancelling my subscription because of settings,Complaint
best app for login.,Praise
Error SYS_32 pops up every time,Bug Report
love the new export tool!,Praise
such a clean ui for delete account.,Praise
the delete button does absolutely nothing.,Bug Report
is there a tutorial for upload?,Question
why does the app freeze during change password?,Bug Report
love the new export tool!,Praise
It's completely unusable now.,Complaint
Please integrate with settings,Feature Request
Highly recommend for profile page,Praise
How do I view history?,Question
I hate the new dashboard.,Complaint
My Android overheats when using this.,Bug Report
Worst update ever.,Complaint
Absolutely brilliant execution.,Praise
It would be great if we could sign up.,Feature Request
The update button does absolutely nothing.,Bug Report
the ui is totally glitched on android.,Bug Report
is there any plan to add dark mode?,Feature Request
Why does the app freeze during sync?,Bug Report
Worst update ever.,Complaint
Flawless performance on browser.,Praise
Getting a SYS_32 error when trying to sync.,Bug Report
the cancel button does absolutely nothing.,Bug Report
The back button does absolutely nothing.,Bug Report
Way too many ads!,Complaint
Highly recommend for search bar.,Praise
Terrible UX on the dashboard.,Complaint
Stop forcing me to use dashboard,Complaint
Stop forcing me to use billing page.,Complaint
Terrible UX on the notifications.,Complaint
best app for sign up.,Praise
the summer update completely ruined the experience.,Complaint
It's completely unusable now.,Complaint
It would be great if we could change password.,Feature Request
This app is so slow since the new patch.,Complaint
Absolutely brilliant execution.,Praise
The UI is totally glitched on tablet.,Bug Report
Love the new dark mode!,Praise
How do I pay?,Question
Absolutely brilliant execution.,Praise
Highly recommend for checkout.,Praise
Such a clean UI for pay.,Praise
Highly recommend for dashboard.,Praise
What does error SYS_32 mean?,Question
Cannot load notifications on my Firefox.,Bug Report
How much does sync feature cost?,Question
The developers really nailed the billing page.,Praise
it would be great if we could view history.,Feature Request
The material design update is amazing.,Praise
Worst update ever.,Complaint
love the new export tool!,Praise
can someone explain how to sign up?,Question
Way too many ads!,Complaint
is there a tutorial for delete account?,Question
Best app for delete account.,Praise
Getting a NULL_PTR error when trying to download.,Bug Report
I'm cancelling my subscription because of settings.,Complaint
How do I delete account?,Question
Highly recommend for settings.,Praise
Would love to see sync feature implemented.,Feature Request
Is there a tutorial for login?,Question
Terrible UX on the dark mode.,Complaint
Cannot load sync feature on my Chrome.,Bug Report
Is Windows 11 supported?,Question
App crashes when I click update.,Bug Report
The developers really nailed the dashboard.,Praise
Can we get a dark mode for checkout?,Feature Request
love the new billing page!,Praise
"5 stars, incredibly useful.",Praise
The new patch is amazing.,Praise
Cannot load profile page on my Android.,Bug Report
It's completely unusable now.,Complaint
Way too many ads!,Complaint
Is there any plan to add profile page?,Feature Request
App crashes when I click login,Bug Report
What does error SYS_32 mean?,Question
The last update is amazing.,Praise
When will checkout be released?,Question
Can someone explain how to delete account?,Question
how much does sync feature cost?,Question
Error AUTH_FAIL pops up every time.,Bug Report
Best app for pay.,Praise
Worst update ever.,Complaint
Why does the app freeze during sign up?,Bug Report
Getting a 500 error when trying to download,Bug Report
What does error OOM mean?,Question
Love the new sync feature!,Praise
How do I change password?,Question
Cannot load billing page on my iPad.,Bug Report
Is tablet supported?,Question
Is there any plan to add dashboard?,Feature Request
Such a clean UI for view history.,Praise
Can we get a dark mode for billing page?,Feature Request
Where is the profile page located?,Question
Flawless performance on Chrome.,Praise
getting a auth_fail error when trying to login.,Bug Report
highly recommend for notifications.,Praise
stop forcing me to use export tool.,Complaint
Is there a tutorial for download?,Question
Error 404 pops up every time,Bug Report
highly recommend for notifications.,Praise
Is there any plan to add dashboard?,Feature Request
The last update is amazing.,Praise
Way too many ads!,Complaint
Terrible UX on the dark mode.,Complaint
Way too many ads!,Complaint
would love to see search bar implemented.,Feature Request
How do I reset my checkout?,Question
stop forcing me to use sync feature.,Complaint
Blank screen after sign up.,Bug Report
My iPad overheats when using this.,Bug Report
Getting a 404 error when trying to sign up.,Bug Report
Worst update ever.,Complaint
How do I login?,Question
Is there any plan to add billing page?,Feature Request
please add dashboard.,Feature Request
It would be great if we could view history.,Feature Request
when will search bar be released?,Question
It's completely unusable now.,Complaint
Would love to see dark mode implemented.,Feature Request
I'm cancelling my subscription because of billing page.,Complaint
Stop forcing me to use profile page.,Complaint
The v20 is amazing,Praise
when will settings be released?,Question
The last update is amazing.,Praise
Way too many ads!,Complaint
Is Mac supported?,Question
Can someone explain how to delete account?,Question
This saves me so much time.,Praise
Can someone explain how to upload?,Question
This app is so slow since the last update.,Complaint
Where is the dashboard located?,Question
Where is the notifications located?,Question
i'm cancelling my subscription because of dark mode.,Complaint
We really need dark mode in the next update.,Feature Request
Please add billing page.,Feature Request
this saves me so much time.,Praise
Add an option to pay.,Feature Request
Terrible UX on the search bar,Complaint
I hate the new settings.,Complaint
how do i reset my export tool?,Question
I hate the new notifications.,Complaint
can someone explain how to upload?,Question
We really need export tool in the next update.,Feature Request
The developers really nailed the sync feature.,Praise
the recent patch completely ruined the experience.,Complaint
What does error AUTH_FAIL mean?,Question
the back button does absolutely nothing.,Bug Report
Customer service is terrible.,Complaint
the ui is totally glitched on firefox.,Bug Report
The v2.0 completely ruined the experience.,Complaint
Why does the app freeze during delete account?,Bug Report
please add billing page.,Feature Request
Please integrate with dashboard.,Feature Request
Highly recommend for search bar.,Praise
is there any plan to add notifications?,Feature Request
Best app for upload.,Praise
Way too many ads!,Complaint
Please add dashboard.,Feature Request
My Windows 11 overheats when using this.,Bug Report
Is there a tutorial for change password?,Question
best app for download.,Praise
Where is the sync feature located?,Question
how do i download?,Question
The developers really nailed the billing page,Praise
The material design update completely ruined the experience.,Complaint
the submit button does absolutely nothing.,Bug Report
Please add checkout.,Feature Request
The v2.0 completely ruined the experience.,Complaint
Would love to see settings implemented.,Feature Request
When will profile page be released?,Question
Highly recommend for dashboard.,Praise
Can we get a dark mode for profile page?,Feature Request
The UI is totally glitched on iPad.,Bug Report
best app for sign up.,Praise
I'm cancelling my subscription because of dashboard.,Complaint
Can someone explain how to export?,Question
Blank screen after delete account.,Bug Report
The developers really nailed the export tool.,Praise
Blank screen after login.,Bug Report
how do i change password?,Question
Please integrate with notifications.,Feature Request
Absolutely brilliant execution.,Praise
Are you going to support iPhone soon?,Question
We really need export tool in the next update,Feature Request
How much does checkout cost?,Question
Cannot load settings on my Chrome.,Bug Report
I'm cancelling my subscription because of dark mode.,Complaint
Worst update ever.,Complaint
Error 404 pops up every time.,Bug Report
I hate the new dark mode,Complaint
The new patch completely ruined the experience.,Complaint
"5 stars, incredibly useful.",Praise
Can you support Windows 11?,Feature Request
Is there any plan to add dark mode?,Feature Request
The material design update is amazing.,Praise
Is there any plan to add checkout?,Feature Request
Are you going to support Android soon?,Question
The UI is totally glitched on Windows 11.,Bug Report
Add an option to download.,Feature Request
Love the new profile page!,Praise
Worst update ever.,Complaint
Best app for upload.,Praise
The cancel button does absolutely nothing.,Bug Report
We really need billing page in the next update.,Feature Request
i'm cancelling my subscription because of sync feature.,Complaint
Best app for sign up.,Praise
The checkout is broken on Chrome.,Bug Report
How much does billing page cost?,Question
i hate the new notifications.,Complaint
Are you going to support Mac soon?,Question
When will notifications be released?,Question
Can we get a dark mode for notifications?,Feature Request
Love the new export tool!,Praise
Error AUTH_FAIL pops up every time.,Bug Report
Add an option to upload,Feature Request
Blank screen after view history,Bug Report
"5 stars, incredibly useful.",Praise
flawless performance on firefox.,Praise
When will settings be released?,Question
This saves me so much time.,Praise
Way too many ads!,Complaint
This app is so slow since the v2.0.,Complaint
App crashes when I click login.,Bug Report
getting a err_connection error when trying to pay,Bug Report
The developers really nailed the settings.,Praise
It would be great if we could sync.,Feature Request
Add an option to login.,Feature Request
It's completely unusable now.,Complaint
can we get a dark mode for billing page?,Feature Request
This app is so slow since the recent patch.,Complaint
Worst update ever.,Complaint
Where is the billing page located?,Question
Customer service is terrible.,Complaint
"5 stars, incredibly useful.",Praise
can you support browser?,Feature Request
Blank screen after login.,Bug Report
Error ERR_CONNECTION pops up every time.,Bug Report
Add an option to download.,Feature Request
Such a clean UI for delete account.,Praise
would love to see search bar implemented.,Feature Request
Blank screen after view history.,Bug Report
The iOS 17 update completely ruined the experience.,Complaint
Is there any plan to add billing page?,Feature Request
please integrate with export tool.,Feature Request
Please add export tool.,Feature Request
Please add dark mode.,Feature Request
Highly recommend for dashboard.,Praise
Please integrate with profile page.,Feature Request
Cannot load profile page on my Chrome.,Bug Report
Worst update ever.,Complaint
Error 500 pops up every time.,Bug Report
I hate the new export tool.,Complaint
error auth_fail pops up every time.,Bug Report
Would love to see export tool implemented.,Feature Request
Can we get a dark mode for sync feature?,Feature Request
I'm cancelling my subscription because of notifications,Complaint
What does error TIMEOUT mean?,Question
Error 403 pops up every time.,Bug Report
The UI is totally glitched on Windows 11.,Bug Report
Why does the app freeze during sign up?,Bug Report
I wish there was a way to pay.,Feature Request
the submit button does absolutely nothing.,Bug Report
Why does the app freeze during view history?,Bug Report
Highly recommend for notifications.,Praise
I'm cancelling my subscription because of billing page.,Complaint
Worst update ever.,Complaint
Love the new sync feature!,Praise
How do I reset my settings?,Question
Is there a tutorial for change password?,Question
when will dark mode be released?,Question
My Android overheats when using this.,Bug Report
Terrible UX on the notifications.,Complaint
This saves me so much time.,Praise
customer service is terrible.,Complaint
Cannot load profile page on my Mac,Bug Report
Getting a ERR_CONNECTION error when trying to login.,Bug Report
is there any plan to add profile page?,Feature Request
Flawless performance on tablet.,Praise
Terrible UX on the sync feature.,Complaint
I'm cancelling my subscription because of export tool.,Complaint
I wish there was a way to delete account,Feature Request
What does error 403 mean?,Question
Are you going to support Firefox soon?,Question
Terrible UX on the sync feature.,Complaint
Blank screen after login.,Bug Report
This saves me so much time.,Praise
getting a 404 error when trying to export,Bug Report
Is there a tutorial for download?,Question
I wish there was a way to view history.,Feature Request
Customer service is terrible.,Complaint
absolutely brilliant execution,Praise
The recent patch completely ruined the experience.,Complaint
cannot load notifications on my android.,Bug Report
Is there a tutorial for sync?,Question
"5 stars, incredibly useful.",Praise
App crashes when I click update,Bug Report
The dark mode is broken on Linux.,Bug Report
Getting a 404 error when trying to sync.,Bug Report
please add notifications.,Feature Request
Where is the checkout located?,Question
I wish there was a way to view history.,Feature Request
Please add dark mode.,Feature Request
Best app for delete account.,Praise
Please integrate with dashboard.,Feature Request
Add an option to delete account,Feature Request
this saves me so much time.,Praise
When will billing page be released?,Question
Is tablet supported?,Question
Cannot load sync feature on my Windows 11.,Bug Report
It would be great if we could download.,Feature Request
Is iPad supported?,Question
Is Chrome supported?,Question
Would love to see search bar implemented.,Feature Request
cannot load billing page on my mac.,Bug Report
Is there any plan to add checkout?,Feature Request
Error OOM pops up every time.,Bug Report
This app is so slow since the recent patch.,Complaint
I hate the new dark mode.,Complaint
Where is the profile page located?,Question
app crashes when i click back.,Bug Report
I hate the new dashboard.,Complaint
Customer service is terrible.,Complaint
Is there any plan to add profile page?,Feature Request
The new patch is amazing.,Praise
Flawless performance on iPad.,Praise
best app for export.,Praise
This app is so slow since the new patch.,Complaint
The recent patch is amazing.,Praise
The iOS 17 update completely ruined the experience.,Complaint
The material design update is amazing.,Praise
This saves me so much time.,Praise
The back button does absolutely nothing.,Bug Report
App crashes when I click update.,Bug Report
It's completely unusable now.,Complaint
We really need notifications in the next update.,Feature Request
When will sync feature be released?,Question
App crashes when I click cancel,Bug Report
Way too many ads!,Complaint
"5 stars, incredibly useful.",Praise
Getting a TIMEOUT error when trying to view history.,Bug Report
Can we get a dark mode for dashboard?,Feature Request
Way too many ads!,Complaint
Why does the app freeze during delete account?,Bug Report
Absolutely brilliant execution,Praise
Is there a tutorial for view history?,Question
I hate the new settings.,Complaint
The developers really nailed the billing page.,Praise
app crashes when i click save.,Bug Report
Error OOM pops up every time.,Bug Report
absolutely brilliant execution.,Praise
Are you going to support Mac soon?,Question
Please integrate with notifications.,Feature Request
How do I sign up?,Question
The UI is totally glitched on Linux.,Bug Report
This app is so slow since the new patch.,Complaint
Is there a tutorial for view history?,Question
how do i export?,Question
It's completely unusable now.,Complaint
Way too many ads!,Complaint
highly recommend for export tool.,Praise
I wish there was a way to sync.,Feature Request
the ui is totally glitched on linux.,Bug Report
My Linux overheats when using this.,Bug Report
Can someone explain how to upload?,Question
highly recommend for search bar.,Praise
I hate the new checkout.,Complaint
App crashes when I click login,Bug Report
Absolutely brilliant execution.,Praise
Blank screen after upload.,Bug Report
is there any plan to add sync feature?,Feature Request
Can you support iPad?,Feature Request
Where is the export tool located?,Question
The delete button does absolutely nothing.,Bug Report
the developers really nailed the billing page.,Praise
Flawless performance on Chrome.,Praise
I'm cancelling my subscription because of notifications.,Complaint
How do I change password?,Question
can someone explain how to export?,Question
Absolutely brilliant execution,Praise
How do I upload?,Question
Where is the profile page located?,Question
can you support linux?,Feature Request
The developers really nailed the notifications.,Praise
Is there a tutorial for sign up?,Question
Terrible UX on the sync feature.,Complaint
Why does the app freeze during login?,Bug Report
The UI is totally glitched on Mac,Bug Report
Can you support iPad?,Feature Request
Is Chrome supported?,Question
The developers really nailed the sync feature.,Praise
please integrate with notifications.,Feature Request
Worst update ever.,Complaint
Worst update ever,Complaint
This saves me so much time.,Praise
please integrate with profile page.,Feature Request
The UI is totally glitched on tablet.,Bug Report
The delete button does absolutely nothing.,Bug Report
terrible ux on the profile page.,Complaint
where is the notifications located?,Question
App crashes when I click delete.,Bug Report
What does error SYS_32 mean?,Question
Can you support Linux?,Feature Request
Error NULL_PTR pops up every time.,Bug Report
Stop forcing me to use dark mode,Complaint
I wish there was a way to pay.,Feature Request
why does the app freeze during login?,Bug Report
please integrate with billing page.,Feature Request
This app is so slow since the iOS 17 update.,Complaint
Terrible UX on the settings,Complaint
Is there a tutorial for sync?,Question
Is there a tutorial for sync?,Question
Worst update ever.,Complaint
Please add billing page.,Feature Request
The material design update is amazing.,Praise
Customer service is terrible.,Complaint
Cannot load export tool on my Windows 11.,Bug Report
Add an option to change password.,Feature Request
How do I reset my billing page?,Question
Way too many ads!,Complaint
This saves me so much time,Praise
The developers really nailed the profile page.,Praise
Is Firefox supported?,Question
The new patch is amazing.,Praise
This saves me so much time.,Praise
The developers really nailed the dark mode.,Praise
The UI is totally glitched on iPad.,Bug Report
Can someone explain how to login?,Question
i wish there was a way to sign up,Feature Request
"5 stars, incredibly useful.",Praise
Where is the sync feature located?,Question
It would be great if we could sync.,Feature Request
This app is so slow since the v2.0.,Complaint
App crashes when I click login.,Bug Report
The cancel button does absolutely nothing.,Bug Report
The checkout is broken on Chrome,Bug Report
This saves me so much time.,Praise
the export tool is broken on ipad.,Bug Report
the developers really nailed the dark mode.,Praise
Cannot load search bar on my tablet.,Bug Report
Can we get a dark mode for notifications?,Feature Request
Please integrate with billing page.,Feature Request
How do I export?,Question
Absolutely brilliant execution.,Praise
"5 stars, incredibly useful.",Praise
Cannot load dark mode on my browser.,Bug Report
Customer service is terrible.,Complaint
Would love to see dashboard implemented.,Feature Request
It's completely unusable now.,Complaint
absolutely brilliant execution.,Praise
Where is the export tool located?,Question
App crashes when I click next,Bug Report
Are you going to support Chrome soon?,Question
i'm cancelling my subscription because of notifications.,Complaint
Worst update ever.,Complaint
What does error 403 mean?,Question
how do i reset my dark mode?,Question
what does error 404 mean?,Question
How much does billing page cost?,Question
Way too many ads!,Complaint
Terrible UX on the profile page.,Complaint
Highly recommend for profile page.,Praise
Getting a SYS_32 error when trying to delete account,Bug Report
what does error null_ptr mean?,Question
"5 stars, incredibly useful.",Praise
How much does dark mode cost?,Question
way too many ads!,Complaint
Is there any plan to add export tool?,Feature Request
How do I reset my dashboard?,Question
app crashes when i click refresh.,Bug Report
this app is so slow since the last update.,Complaint
Would love to see checkout implemented,Feature Request
The billing page is broken on browser.,Bug Report
such a clean ui for view history.,Praise
We really need settings in the next update.,Feature Request
The profile page is broken on Firefox.,Bug Report
Absolutely brilliant execution.,Praise
Worst update ever.,Complaint
It would be great if we could sign up.,Feature Request
This app is so slow since the material design update.,Complaint
why does the app freeze during pay?,Bug Report
Is there a tutorial for view history?,Question
Love the new sync feature!,Praise
Is there any plan to add search bar?,Feature Request
please add sync feature.,Feature Request
Please integrate with export tool.,Feature Request
Cannot load dark mode on my Mac.,Bug Report
What does error TIMEOUT mean?,Question
We really need dashboard in the next update.,Feature Request
What does error 500 mean?,Question
absolutely brilliant execution.,Praise
The dark mode is broken on Firefox.,Bug Report
Are you going to support Windows 11 soon?,Question
Absolutely brilliant execution.,Praise
Blank screen after sign up.,Bug Report
Flawless performance on Chrome.,Praise
Stop forcing me to use billing page.,Complaint
the login button does absolutely nothing.,Bug Report
My Linux overheats when using this.,Bug Report
We really need billing page in the next update.,Feature Request
would love to see export tool implemented.,Feature Request
we really need export tool in the next update.,Feature Request
I wish there was a way to sign up.,Feature Request
Love the new billing page!,Praise
Way too many ads!,Complaint
how much does settings cost?,Question
Is Chrome supported?,Question
Getting a AUTH_FAIL error when trying to login.,Bug Report
Please integrate with profile page.,Feature Request
The UI is totally glitched on Firefox.,Bug Report
Absolutely brilliant execution.,Praise
Love the new dark mode!,Praise
Absolutely brilliant execution.,Praise
Is iPad supported?,Question
is there a tutorial for delete account?,Question
Stop forcing me to use checkout.,Complaint
Terrible UX on the profile page,Complaint
way too many ads!,Complaint
It would be great if we could delete account.,Feature Request
app crashes when i click refresh.,Bug Report
The checkout is broken on Android.,Bug Report
Such a clean UI for change password.,Praise
The iOS 17 update is amazing.,Praise
Can we get a dark mode for dark mode?,Feature Request
Stop forcing me to use notifications,Complaint
It would be great if we could change password.,Feature Request
Are you going to support Mac soon?,Question
This saves me so much time.,Praise
Can we get a dark mode for export tool?,Feature Request
How much does billing page cost?,Question
The UI is totally glitched on iPad.,Bug Report
I hate the new settings.,Complaint
Best app for change password.,Praise
The last update is amazing.,Praise
Can we get a dark mode for export tool?,Feature Request
App crashes when I click refresh.,Bug Report
"5 stars, incredibly useful.",Praise
the recent patch is amazing.,Praise
Such a clean UI for export.,Praise
The summer update is amazing.,Praise
Please integrate with dashboard.,Feature Request
How much does notifications cost?,Question
We really need dark mode in the next update.,Feature Request
This saves me so much time.,Praise
How do I change password?,Question
i wish there was a way to pay.,Feature Request
Such a clean UI for login,Praise
Customer service is terrible.,Complaint
Is there a tutorial for upload?,Question
Worst update ever.,Complaint
where is the checkout located?,Question
The developers really nailed the settings,Praise
add an option to view history,Feature Request
The summer update completely ruined the experience.,Complaint

"""Awesome, another thousand-dollar parking ticket.""",Complaint
"""Oh brilliant, another software update that deletes my files.""",Complaint
"""Great job breaking the only feature that worked.""",Complaint
"""I love it when the app crashes right before I save.""",Complaint
"""Fantastic, the server is down again.""",Complaint
"""Super, just what I needed, another paywall.""",Complaint
"""Amazing, the battery drains in 10 minutes now.""",Complaint
"""Such a wonderful experience getting locked out of my account.""",Complaint
"""Perfect, another bug to deal with.""",Complaint
"""Wow, I really appreciate the app wiping my data.""",Complaint
